answer,true_answer,mark
"это ""что-то"", для хранения информации и данных","Файл — это набор данных в памяти компьютера, который воспринимается как единое целое. Данные записываются в определённом формате едином для отдельного файла.",0
"Совокупность данных, которые распознаются системой как единое целое (объект).","Файл — это набор данных в памяти компьютера, который воспринимается как единое целое. Данные записываются в определённом формате едином для отдельного файла.",1
"Это вид данных в определенном формате, в зависимости от данных они могут быть закодированы по-разному","Файл — это набор данных в памяти компьютера, который воспринимается как единое целое. Данные записываются в определённом формате едином для отдельного файла.",1
"Это объект, в котором хранятся структурированные данные, по какому-то правилу например .txt , .json.","Файл — это набор данных в памяти компьютера, который воспринимается как единое целое. Данные записываются в определённом формате едином для отдельного файла.",1
Файл в ОС - закодированный набор символов,"Файл — это набор данных в памяти компьютера, который воспринимается как единое целое. Данные записываются в определённом формате едином для отдельного файла.",1
Файл в ОС -- это элементарная единица файловой системы. Файл хранит и обрабатывает информацию.,"Файл — это набор данных в памяти компьютера, который воспринимается как единое целое. Данные записываются в определённом формате едином для отдельного файла.",1
Файлом в операционной системе компьютера называют набор данных в определенном формате. Разные форматы файлов считываются разными программами. Некоторые файлы бывают исполняемыми их также называют скриптами.,"Файл — это набор данных в памяти компьютера, который воспринимается как единое целое. Данные записываются в определённом формате едином для отдельного файла.",1
Это цельная единица информации хранящаяся в памяти компьютера.,"Файл — это набор данных в памяти компьютера, который воспринимается как единое целое. Данные записываются в определённом формате едином для отдельного файла.",1
"Файл - это цифровой объект, позволяющий хранить некоторую информацию. Он представляет из себя ""хранилище"" нулей и единиц, байтов - это и есть информация. Файл имеет некоторую информацию о себе: вес на жестком диске, расширение, название и т.д.","Файл — это набор данных в памяти компьютера, который воспринимается как единое целое. Данные записываются в определённом формате едином для отдельного файла.",1
"Набор каких-либо данных, хранящихся как единое целое на каком-либо устройстве для хранения информации (HDD, SSD, флешки и прочее)","Файл — это набор данных в памяти компьютера, который воспринимается как единое целое. Данные записываются в определённом формате едином для отдельного файла.",1
"Файл в операционной системе компьютера представляет собой некоторую ссылку на область памяти компьютера, биты которой заполнены нулями или единицами. Эта последовательность может быть считана компьютером и преобразована в читаемый текст. Файлы могут иметь различные расширения и, в зависимости от их формата, различные способы просмотра.","Файл — это набор данных в памяти компьютера, который воспринимается как единое целое. Данные записываются в определённом формате едином для отдельного файла.",1
"Файл в ОС компьютера - объект данных, с которым может взаимодействовать пользователь или сама система.","Файл — это набор данных в памяти компьютера, который воспринимается как единое целое. Данные записываются в определённом формате едином для отдельного файла.",1
"Файл нужен для хранения, передачи и чтения информации, которая имеет свой размер и расширение","Файл — это набор данных в памяти компьютера, который воспринимается как единое целое. Данные записываются в определённом формате едином для отдельного файла.",1
"Документ в системе компьютера, который может находится в папке.","Файл — это набор данных в памяти компьютера, который воспринимается как единое целое. Данные записываются в определённом формате едином для отдельного файла.",1
"Это объект, находящийся в физической памяти компьютера, предназначенный для предоставления возможности хранения какой либо цифровой информации, которая зависит от типа файла","Файл — это набор данных в памяти компьютера, который воспринимается как единое целое. Данные записываются в определённом формате едином для отдельного файла.",1
"Фай в операционной системе компьютера это данные, которые компьютер хранит. Эти данные связаны вместе по какому-либо смыслу. Для человека файл может быть представлен в различных форматах, например текстовом, видео, аудио или исполняемый файл.","Файл — это набор данных в памяти компьютера, который воспринимается как единое целое. Данные записываются в определённом формате едином для отдельного файла.",1
"Это некая структура, обладающая своими свойствами, занимающая некоторое количество памяти, предназначенная для хранения и использования данных","Файл — это набор данных в памяти компьютера, который воспринимается как единое целое. Данные записываются в определённом формате едином для отдельного файла.",1
"Это структурированная единица данных, хранящаяся на носителе информации.","Файл — это набор данных в памяти компьютера, который воспринимается как единое целое. Данные записываются в определённом формате едином для отдельного файла.",1
"Файл - структура, которая хранит в себе какую-либо информацию.","Файл — это набор данных в памяти компьютера, который воспринимается как единое целое. Данные записываются в определённом формате едином для отдельного файла.",1
"Это данные, хранимые в компьютерной системе определенным образом. Эти данные могут быть преобразованы в воспринимаемую человеком информацию, например, в текстовый файл, изображение и т.д.","Файл — это набор данных в памяти компьютера, который воспринимается как единое целое. Данные записываются в определённом формате едином для отдельного файла.",1
"Файл - единица хранения информации в операционной системе. Файлы различаются по видам информации которую могут хранить: текст, изображение, звук и т.д. В соответствии с содержимым файл имеет расширение и метаданные","Файл — это набор данных в памяти компьютера, который воспринимается как единое целое. Данные записываются в определённом формате едином для отдельного файла.",1
"Это бинарный компонент в ОС компьютера для записи, чтения и хранения данных разного формата: изображение, текст, программный код. Файл имеет свое расширение, имя и мета данные: дата создания, вес и др.","Файл — это набор данных в памяти компьютера, который воспринимается как единое целое. Данные записываются в определённом формате едином для отдельного файла.",1
Файл в операционной системе - минимальная единица использования данных в операционных системах. Любой файл имеет расширение(буквы после .),"Файл — это набор данных в памяти компьютера, который воспринимается как единое целое. Данные записываются в определённом формате едином для отдельного файла.",1
"Файл - некая именованная область на носителе информации, содержащая в себе набор информации с возможностью доступа со стороны пользователя.","Файл — это набор данных в памяти компьютера, который воспринимается как единое целое. Данные записываются в определённом формате едином для отдельного файла.",1
Это объект для работы с данными системы,"Файл — это набор данных в памяти компьютера, который воспринимается как единое целое. Данные записываются в определённом формате едином для отдельного файла.",1
"Файл в операционной системе компьютера - это структура для хранения данных различных типов. В файлах может находиться текстовая, графическая, звуковая, исполняемая и прочие виды информации.","Файл — это набор данных в памяти компьютера, который воспринимается как единое целое. Данные записываются в определённом формате едином для отдельного файла.",1
"В операционной системе компьютера файл — это структурированная единица данных, хранящаяся на носителе информации (например, жестком диске или SSD). Файлы могут содержать текст, изображения, видео, программы и другие типы информации","Файл — это набор данных в памяти компьютера, который воспринимается как единое целое. Данные записываются в определённом формате едином для отдельного файла.",1
"Файл в операционной системе компьютера - это объект, в котором можно хранить некоторые данные. Он имеет свой формат, чтобы считывающая программа могла понять формат хранения данных. Соответственно, пользователь получит то, что было изначально написано в этом файле. Например, если открыть видео формата mp4 с помощью Блокнота, то пользователь увидит нечитаемый набор символов, а если при помощи VLC Media Player, то уже сможет посмотреть видео","Файл — это набор данных в памяти компьютера, который воспринимается как единое целое. Данные записываются в определённом формате едином для отдельного файла.",1
"Файл в операционной система компьютера это структура для хранения некой информации в компьютере. В операционных система на базе ядра Linux, любой объект, даже физические подключаемые устройства представлены в виде файла. Некоторые файлы имеют режим доступа ""только чтение"", обычно в них хранится какая-то важная информация","Файл — это набор данных в памяти компьютера, который воспринимается как единое целое. Данные записываются в определённом формате едином для отдельного файла.",1
"Это набор данных, которые имеют название, размер и дату создания","Файл — это набор данных в памяти компьютера, который воспринимается как единое целое. Данные записываются в определённом формате едином для отдельного файла.",1
"Файл - это компонент ОС, предназначенный для доступа к какому-либо приложению или для хранения информации.","Файл — это набор данных в памяти компьютера, который воспринимается как единое целое. Данные записываются в определённом формате едином для отдельного файла.",1
"Файл это представление определённого объёма памяти компьютера - где располагается эта память, какого типа данные в ней лежат, какие приложения использовать, чтобы взаимодействовать с этим объёмом памяти.","Файл — это набор данных в памяти компьютера, который воспринимается как единое целое. Данные записываются в определённом формате едином для отдельного файла.",1
Файл - базовый объект взаимодействия с данными в операционной системе.,"Файл — это набор данных в памяти компьютера, который воспринимается как единое целое. Данные записываются в определённом формате едином для отдельного файла.",1
"файл в ОС -- это элементарная единица файловой системы, любой носитель данных","Файл — это набор данных в памяти компьютера, который воспринимается как единое целое. Данные записываются в определённом формате едином для отдельного файла.",0
"Это ячейка данных , которая хранится на носителе информации и может хранить в себе различные типы информации. Являются основным способом организации и управления данными в компьютерных системах.","Файл — это набор данных в памяти компьютера, который воспринимается как единое целое. Данные записываются в определённом формате едином для отдельного файла.",1
Файл - это самостоятельная и элементарная структурная единица операционной системы компьютера,"Файл — это набор данных в памяти компьютера, который воспринимается как единое целое. Данные записываются в определённом формате едином для отдельного файла.",0
"Файл — это физическая ячейка на жёстком диске, куда записываются данные. Как маленький отсек в хранилище.","Файл — это набор данных в памяти компьютера, который воспринимается как единое целое. Данные записываются в определённом формате едином для отдельного файла.",0
"Это просто ссылка или ярлык, который указывает на реальные данные в памяти. Сам файл не содержит информации — только путь.","Файл — это набор данных в памяти компьютера, который воспринимается как единое целое. Данные записываются в определённом формате едином для отдельного файла.",0
"Файл в ОС — это тип переменной, которая хранится в оперативной памяти для быстрого доступа программ. Например, открытый документ в Word.","Файл — это набор данных в памяти компьютера, который воспринимается как единое целое. Данные записываются в определённом формате едином для отдельного файла.",0
"Это процесс, который выполняется в фоновом режиме. Например, системный файл — это служба вроде антивируса.","Файл — это набор данных в памяти компьютера, который воспринимается как единое целое. Данные записываются в определённом формате едином для отдельного файла.",0
"Файл — это драйвер устройства. Без него принтер или мышь не будут работать, потому что это инструкции для железа.","Файл — это набор данных в памяти компьютера, который воспринимается как единое целое. Данные записываются в определённом формате едином для отдельного файла.",0
"Это база данных в миниатюре. Хранит структурированные записи, как таблица Excel, но без интерфейса.","Файл — это набор данных в памяти компьютера, который воспринимается как единое целое. Данные записываются в определённом формате едином для отдельного файла.",0
"Файл — это скомпилированный код программы, готовый к запуску. Например, .exe или .dll. Остальное — не файлы, а просто данные.","Файл — это набор данных в памяти компьютера, который воспринимается как единое целое. Данные записываются в определённом формате едином для отдельного файла.",0
"Это раздел реестра Windows, где хранятся настройки системы. Файлы реестра управляют всей ОС.","Файл — это набор данных в памяти компьютера, который воспринимается как единое целое. Данные записываются в определённом формате едином для отдельного файла.",0
"Файл — это буфер обмена. Временное хранилище данных, куда копируется текст или картинка перед вставкой.","Файл — это набор данных в памяти компьютера, который воспринимается как единое целое. Данные записываются в определённом формате едином для отдельного файла.",0
"Это сетевое соединение. Например, файл FTP — это канал передачи данных между компьютерами.","Файл — это набор данных в памяти компьютера, который воспринимается как единое целое. Данные записываются в определённом формате едином для отдельного файла.",0
"Файл — это поток ввода-вывода. Когда программа читает данные с диска, она обращается к потоку, а не к файлу напрямую.","Файл — это набор данных в памяти компьютера, который воспринимается как единое целое. Данные записываются в определённом формате едином для отдельного файла.",0
"Это метаданные. Файл описывает свойства данных (размер, тип), но сами данные хранятся отдельно в другом месте.","Файл — это набор данных в памяти компьютера, который воспринимается как единое целое. Данные записываются в определённом формате едином для отдельного файла.",0
"Файл — это папка с атрибутом 'скрытый'. Система воспринимает её как единый объект для служебных нужд.","Файл — это набор данных в памяти компьютера, который воспринимается как единое целое. Данные записываются в определённом формате едином для отдельного файла.",0
"Это кэш процессора. Файлы временно хранят инструкции для быстрого доступа ЦПУ, чтобы ускорить работу.","Файл — это набор данных в памяти компьютера, который воспринимается как единое целое. Данные записываются в определённом формате едином для отдельного файла.",0
"Файл — это семафор или мьютекс. Объект синхронизации, который регулирует доступ к ресурсам между процессами.","Файл — это набор данных в памяти компьютера, который воспринимается как единое целое. Данные записываются в определённом формате едином для отдельного файла.",0
"Это загрузочный сектор диска. Файл содержит код, который запускает ОС при включении компьютера.","Файл — это набор данных в памяти компьютера, который воспринимается как единое целое. Данные записываются в определённом формате едином для отдельного файла.",0
"Файл — это виртуальная память. Когда ОС не хватает RAM, она использует файл подкачки на диске как продолжение памяти.","Файл — это набор данных в памяти компьютера, который воспринимается как единое целое. Данные записываются в определённом формате едином для отдельного файла.",0
"Это аллокатор пространства. Файл распределяет место на диске для новых данных, но сам данные не хранит.","Файл — это набор данных в памяти компьютера, который воспринимается как единое целое. Данные записываются в определённом формате едином для отдельного файла.",0
"Файл — это индекс в поисковой системе ОС. Как каталог в библиотеке: указывает, где искать данные, но не содержит их.","Файл — это набор данных в памяти компьютера, который воспринимается как единое целое. Данные записываются в определённом формате едином для отдельного файла.",0
"Это хэш-таблица. Файл хранит пары 'ключ-значение' для быстрого поиска данных в больших массивах.","Файл — это набор данных в памяти компьютера, который воспринимается как единое целое. Данные записываются в определённом формате едином для отдельного файла.",0
"Файл — это системный вызов (system call). Например, функция open() или read() в коде программы.","Файл — это набор данных в памяти компьютера, который воспринимается как единое целое. Данные записываются в определённом формате едином для отдельного файла.",0
"Это переменная окружения. Хранит настройки пути (PATH) или параметры ОС, которые используются программами.","Файл — это набор данных в памяти компьютера, который воспринимается как единое целое. Данные записываются в определённом формате едином для отдельного файла.",0
"Файл — это дескриптор. Целое число, которое ОС возвращает программе при открытии ресурса для дальнейшей работы с ним.","Файл — это набор данных в памяти компьютера, который воспринимается как единое целое. Данные записываются в определённом формате едином для отдельного файла.",0
"Это сигнал (signal). Файл отправляет уведомления процессам, например, при нажатии Ctrl+C.","Файл — это набор данных в памяти компьютера, который воспринимается как единое целое. Данные записываются в определённом формате едином для отдельного файла.",0
"Файл — это сокет. Канал для сетевого взаимодействия между компьютерами через IP и порты.","Файл — это набор данных в памяти компьютера, который воспринимается как единое целое. Данные записываются в определённом формате едином для отдельного файла.",0
"Это раздел оперативной памяти. Файл отображается в RAM как непрерывный блок адресов для быстрого доступа.","Файл — это набор данных в памяти компьютера, который воспринимается как единое целое. Данные записываются в определённом формате едином для отдельного файла.",0
"Файл — это очередь сообщений (message queue). Позволяет процессам обмениваться данными через буфер.","Файл — это набор данных в памяти компьютера, который воспринимается как единое целое. Данные записываются в определённом формате едином для отдельного файла.",0
"Это контрольная точка (checkpoint). Сохраняет состояние программы для восстановления после сбоя.","Файл — это набор данных в памяти компьютера, который воспринимается как единое целое. Данные записываются в определённом формате едином для отдельного файла.",0
"Файл — это библиотека классов. Например, .jar в Java или .dll в Windows — это файлы, которые содержат логику для программ.","Файл — это набор данных в памяти компьютера, который воспринимается как единое целое. Данные записываются в определённом формате едином для отдельного файла.",0
"Это конфигурация виртуальной машины. Файл описывает параметры ВМ (память, CPU), но не хранит её данные.","Файл — это набор данных в памяти компьютера, который воспринимается как единое целое. Данные записываются в определённом формате едином для отдельного файла.",0
"Файл — это логический раздел диска. Например, C: или D: в Windows — это файлы высокого уровня.","Файл — это набор данных в памяти компьютера, который воспринимается как единое целое. Данные записываются в определённом формате едином для отдельного файла.",0
"Это точка монтирования. Файл связывает физический диск с каталогом в файловой системе.","Файл — это набор данных в памяти компьютера, который воспринимается как единое целое. Данные записываются в определённом формате едином для отдельного файла.",0
